ID	premise_en	hypothesis_en	gold	content-type	inference-pattern	modal
1	If the newly discovered planet has liquid water, then it is certain that it can support life. The newly discovered planet has liquid water.	It is certain that the newly discovered planet can support life.	entailment	congruent	Hyp-MP	epistemic
2	If the ancient civilization had advanced technology, then it is necessarily the case that they left behind complex artifacts. The ancient civilization had advanced technology.	It is necessarily the case that the ancient civilization left behind complex artifacts.	entailment	congruent	Hyp-MP	epistemic
3	If the economy experiences a recession, then it is known that unemployment rates will rise. The economy experiences a recession.	It is known that unemployment rates will rise.	entailment	congruent	Hyp-MP	epistemic
4	If the government implements the new policy, then it is established that it will have a significant impact on the environment. The government implements the new policy.	It is established that the new policy will have a significant impact on the environment.	entailment	congruent	Hyp-MP	epistemic
5	If the experiment is conducted correctly, then the results must have been accurate. The experiment is conducted correctly.	The results must have been accurate.	entailment	congruent	Hyp-MP	epistemic
6	If the painting is authentic, then it is certain that it is valuable. The painting is authentic.	It is certain that the painting is valuable.	entailment	congruent	Hyp-MP	epistemic
7	If the manuscript is written by that author, then it is necessarily the case that it contains specific stylistic features. The manuscript is written by that author.	It is necessarily the case that the manuscript contains specific stylistic features.	entailment	congruent	Hyp-MP	epistemic
8	If the company merges with its competitor, then it is known that its market share will increase. The company merges with its competitor.	It is known that the company's market share will increase.	entailment	congruent	Hyp-MP	epistemic
9	If the new drug is approved, then it is established that it will be available to patients soon. The new drug is approved.	It is established that the new drug will be available to patients soon.	entailment	congruent	Hyp-MP	epistemic
10	If the project is successful, then it must have been well-managed. The project is successful.	The project must have been well-managed.	entailment	congruent	Hyp-MP	epistemic
11	If the theory is correct, then it is certain that it can explain the observed phenomena. The theory is correct.	It is certain that the theory can explain the observed phenomena.	entailment	congruent	Hyp-MP	epistemic
12	If the policy is implemented, then it is necessarily the case that it will have social consequences. The policy is implemented.	It is necessarily the case that the policy will have social consequences.	entailment	congruent	Hyp-MP	epistemic
13	If the artifact is genuine, then it is known that it is from a specific historical period. The artifact is genuine.	It is known that the artifact is from a specific historical period.	entailment	congruent	Hyp-MP	epistemic
14	If the event occurs, then it is established that it will have economic implications. The event occurs.	It is established that the event will have economic implications.	entailment	congruent	Hyp-MP	epistemic
15	If the prediction is accurate, then the outcome must have been anticipated. The prediction is accurate.	The outcome must have been anticipated.	entailment	congruent	Hyp-MP	epistemic
16	If the animal is a mammal, then it is certain that it has mammary glands. The animal is a mammal.	It is certain that the animal has mammary glands.	entailment	congruent	Hyp-MP	epistemic
17	If the substance is a metal, then it is necessarily the case that it conducts electricity. The substance is a metal.	It is necessarily the case that the substance conducts electricity.	entailment	congruent	Hyp-MP	epistemic
18	If the historical figure existed, then it is known that they lived in a particular era. The historical figure existed.	It is known that the historical figure lived in a particular era.	entailment	congruent	Hyp-MP	epistemic
19	If the celestial body is a planet, then it is established that it orbits a star. The celestial body is a planet.	It is established that the celestial body orbits a star.	entailment	congruent	Hyp-MP	epistemic
20	If the social group has a hierarchical structure, then there must have been a leader. The social group has a hierarchical structure.	There must have been a leader.	entailment	congruent	Hyp-MP	epistemic
21	If the sun rises in the east, then it is certain that cats can fly. The sun rises in the east.	Cats can fly.	entailment	incongruent	Hyp-MP	epistemic
22	If the Amazon rainforest is burning, then it is necessarily the case that the Earth is flat. The Amazon rainforest is burning.	The Earth is flat.	entailment	incongruent	Hyp-MP	epistemic
23	"If a tomato is a fruit, then it is known that Beethoven wrote ""Bohemian Rhapsody"". A tomato is a fruit."	"Beethoven wrote ""Bohemian Rhapsody""."	entailment	incongruent	Hyp-MP	epistemic
24	If Mount Everest is the tallest mountain on Earth, then it is established that fish can breathe air. Mount Everest is the tallest mountain on Earth.	Fish can breathe air.	entailment	incongruent	Hyp-MP	epistemic
25	If the internet exists, then trees must have been able to walk. The internet exists.	Trees can walk.	entailment	incongruent	Hyp-MP	epistemic
26	If water boils at 100 degrees Celsius, then it is certain that the moon is made of cheese. Water boils at 100 degrees Celsius.	The moon is made of cheese.	entailment	incongruent	Hyp-MP	epistemic
27	If photosynthesis is a process used by plants, then it is necessarily the case that humans can photosynthesize. Photosynthesis is a process used by plants.	Humans can photosynthesize.	entailment	incongruent	Hyp-MP	epistemic
28	If the Mona Lisa is a famous painting, then it is known that Vincent van Gogh painted the Sistine Chapel ceiling. The Mona Lisa is a famous painting.	Vincent van Gogh painted the Sistine Chapel ceiling.	entailment	incongruent	Hyp-MP	epistemic
29	If Paris is the capital of France, then it is established that London is the capital of Germany. Paris is the capital of France.	London is the capital of Germany.	entailment	incongruent	Hyp-MP	epistemic
30	If gravity exists, then it is established that birds can teleport. Gravity exists.	Birds can teleport.	entailment	incongruent	Hyp-MP	epistemic
31	If the Earth revolves around the Sun, then elephants must have been able to fly. The Earth revolves around the Sun.	Elephants can fly.	entailment	incongruent	Hyp-MP	epistemic
32	If light travels faster than sound, then time travel must have been possible. Light travels faster than sound.	Time travel is possible.	entailment	incongruent	Hyp-MP	epistemic
33	If dogs are mammals, then it is certain that spiders have wings. Dogs are mammals.	Spiders have wings.	entailment	incongruent	Hyp-MP	epistemic
34	If the Pacific Ocean is the largest ocean on Earth, then it is established that the Sahara Desert is the smallest desert on Earth. The Pacific Ocean is the largest ocean on Earth.	The Sahara Desert is the smallest desert on Earth.	entailment	incongruent	Hyp-MP	epistemic
35	If World War II happened, then it is certain that Cleopatra ruled England. World War II happened.	Cleopatra ruled England.	entailment	incongruent	Hyp-MP	epistemic
36	If computers exist, then the internet must have been invented in the 15th century. Computers exist.	The internet was invented in the 15th century.	entailment	incongruent	Hyp-MP	epistemic
37	If vaccines prevent diseases, then it is necessarily the case that vaccines cause autism. Vaccines prevent diseases.	Vaccines cause autism.	entailment	incongruent	Hyp-MP	epistemic
38	If the human body has 206 bones, then it is known that the human body can regenerate limbs. The human body has 206 bones.	The human body can regenerate limbs.	entailment	incongruent	Hyp-MP	epistemic
39	If Shakespeare wrote Hamlet, then Shakespeare must have written The Odyssey. Shakespeare wrote Hamlet.	Shakespeare wrote The Odyssey.	entailment	incongruent	Hyp-MP	epistemic
40	If the speed of light is approximately 299,792,458 meters per second, then it is certain that sound travels faster than light. The speed of light is approximately 299,792,458 meters per second.	Sound travels faster than light.	entailment	incongruent	Hyp-MP	epistemic
41	If the flibbertigibbet is grommeted, then it is certain that it will be frabjous. The flibbertigibbet is grommeted.	It is certain that the flibbertigibbet will be frabjous.	entailment	nonsense	Hyp-MP	epistemic
42	If the quango is fizzbinned, then it is necessarily the case that it will be outgrabing. The quango is fizzbinned.	It is necessarily the case that the quango will be outgrabing.	entailment	nonsense	Hyp-MP	epistemic
43	If the wibble is bandersnatched, then it is known that it will be mimsy. The wibble is bandersnatched.	It is known that the wibble will be mimsy.	entailment	nonsense	Hyp-MP	epistemic
44	If the gardyloo is galumphing, then it is established that it will be uffish. The gardyloo is galumphing.	It is established that the gardyloo will be uffish.	entailment	nonsense	Hyp-MP	epistemic
45	If the yargle is squiffling, then it must have been zozzled. The yargle is squiffling.	The yargle must have been zozzled.	entailment	nonsense	Hyp-MP	epistemic
46	If the flummox is outgrabing, then it is certain that it will be gyring. The flummox is outgrabing.	It is certain that the flummox will be gyring.	entailment	nonsense	Hyp-MP	epistemic
47	If the grockle is gyring, then it is necessarily the case that it will be whiffling. The grockle is gyring.	It is necessarily the case that the grockle will be whiffling.	entailment	nonsense	Hyp-MP	epistemic
48	If the chortle is mimsy, then it is known that it will be calloohing. The chortle is mimsy.	It is known that the chortle will be calloohing.	entailment	nonsense	Hyp-MP	epistemic
49	If the uffish thought is calloohing, then it is established that it will be bandersnatching. The uffish thought is calloohing.	It is established that the uffish thought will be bandersnatching.	entailment	nonsense	Hyp-MP	epistemic
50	If the tulgey wood is whiffling, then it must have been gimbling. The tulgey wood is whiffling.	The tulgey wood must have been gimbling.	entailment	nonsense	Hyp-MP	epistemic
51	If the frabjous bandersnatch is gimbling, then it is certain that it will be outgrabing. The frabjous bandersnatch is gimbling.	It is certain that the frabjous bandersnatch will be outgrabing.	entailment	nonsense	Hyp-MP	epistemic
52	If the callay is outgrabing, then it is necessarily the case that it will be frabjous. The callay is outgrabing.	It is necessarily the case that the callay will be frabjous.	entailment	nonsense	Hyp-MP	epistemic
53	If the slithy toves is frabjous, then it is known that it will be zozzled. The slithy toves is frabjous.	It is known that the slithy toves will be zozzled.	entailment	nonsense	Hyp-MP	epistemic
54	If the mome raths is galumphing, then it is established that it will be fizzbinned. The mome raths is galumphing.	It is established that the mome raths will be fizzbinned.	entailment	nonsense	Hyp-MP	epistemic
55	If the jubjub bird is squiffling, then it must have been grommeted. The jubjub bird is squiffling.	The jubjub bird must have been grommeted.	entailment	nonsense	Hyp-MP	epistemic
56	If the whiffling pig is outgrabing, then it is certain that it will be bandersnatched. The whiffling pig is outgrabing.	It is certain that the whiffling pig will be bandersnatched.	entailment	nonsense	Hyp-MP	epistemic
57	If the mimsy borogove is gyring, then it is necessarily the case that it will be galumphing. The mimsy borogove is gyring.	It is necessarily the case that the mimsy borogove will be galumphing.	entailment	nonsense	Hyp-MP	epistemic
58	If the rathe is mimsy, then it is known that it will be uffish. The rathe is mimsy.	It is known that the rathe will be uffish.	entailment	nonsense	Hyp-MP	epistemic
59	If the bandersnatch is calloohing, then it is established that it will be whiffling. The bandersnatch is calloohing.	It is established that the bandersnatch will be whiffling.	entailment	nonsense	Hyp-MP	epistemic
60	If the jubjub is whiffling, then it must have been calloohing. The jubjub is whiffling.	The jubjub must have been calloohing.	entailment	nonsense	Hyp-MP	epistemic
61	If a person exercises regularly, then it is certain that they will improve their cardiovascular health. It is not certain that the person has improved their cardiovascular health.	It is not the case that the person has improved their cardiovascular health.	entailment	congruent	Hyp-MT	epistemic
62	If a student develops effective study habits, then it is necessarily the case that they will succeed academically. It is not necessarily the case that the student succeeds academically.	It is not the case that the student succeeds academically.	entailment	congruent	Hyp-MT	epistemic
63	If a company invests in research and development, then it is known that it will innovate. It is not known that the company innovates.	It is not the case that the company innovates.	entailment	congruent	Hyp-MT	epistemic
64	If a country promotes free trade, then it is established that it will experience economic growth. It is not established that the country experiences economic growth.	It is not the case that the country experiences economic growth.	entailment	congruent	Hyp-MT	epistemic
65	If a species is well-adapted to its environment, then it must have been thriving. It is not the case that the species must have been thriving.	The species is not thriving.	entailment	congruent	Hyp-MT	epistemic
66	If a person practices mindfulness, then it is certain that they will reduce stress levels. It is possible that the person did not reduce their stress levels.	It is not the case that the person reduced their stress levels.	entailment	congruent	Hyp-MT	epistemic
67	If a society values equality, then it is necessarily the case that it will be more just. It is possible that the society is not more just.	It is not the case that the society is more just.	entailment	congruent	Hyp-MT	epistemic
68	If a new technology is introduced, then it is known that it can disrupt existing industries. It is possible that the new technology did not disrupt existing industries.	It is not the case that the new technology disrupted existing industries.	entailment	congruent	Hyp-MT	epistemic
69	If a government implements progressive social policies, then it is established that it will improve the lives of its citizens. It is possible that the government did not improve the lives of its citizens.	It is not the case that the government improved the lives of its citizens.	entailment	congruent	Hyp-MT	epistemic
70	If a historical event is widely studied, then its significance must have been recognized. It is possible that the significance of the historical event was not recognized.	It is not the case that the significance of the historical event was recognized.	entailment	congruent	Hyp-MT	epistemic
71	If a person receives emotional support, then it is certain that they will cope better with challenges. There's a chance that the person did not cope better with challenges.	It is not the case that the person coped better with challenges.	entailment	congruent	Hyp-MT	epistemic
72	If a country experiences economic hardship, then it is necessarily the case that its citizens will experience financial difficulties. There's a chance that the country's citizens did not experience financial difficulties.	It is not the case that the country's citizens experienced financial difficulties.	entailment	congruent	Hyp-MT	epistemic
73	If a species is threatened by habitat loss, then it is known that it will be at risk of extinction. There's a chance that the species is not at risk of extinction.	It is not the case that the species is at risk of extinction.	entailment	congruent	Hyp-MT	epistemic
74	If a new scientific theory is proposed, then it is established that it will be subject to scrutiny. There's a chance that the new scientific theory was not subject to scrutiny.	It is not the case that the new scientific theory was subject to scrutiny.	entailment	congruent	Hyp-MT	epistemic
75	If a civilization develops advanced technology, then it must have been able to explore space. There is a possibility that the civilization was not able to explore space.	It is not the case that the civilization was able to explore space.	entailment	congruent	Hyp-MT	epistemic
76	If a person engages in regular physical activity, then it is certain that their physical health will improve. There is a possibility that the person's physical health did not improve.	It is not the case that the person's physical health improved.	entailment	congruent	Hyp-MT	epistemic
77	If a community fosters a sense of belonging, then it is necessarily the case that its members will feel more connected. There is a possibility that the community's members did not feel more connected.	It is not the case that the community's members felt more connected.	entailment	congruent	Hyp-MT	epistemic
78	If a natural phenomenon is observed repeatedly, then it is known that it can be explained by scientific principles. There is a possibility that the natural phenomenon cannot be explained by scientific principles.	It is not the case that the natural phenomenon can be explained by scientific principles.	entailment	congruent	Hyp-MT	epistemic
79	If a government implements effective economic policies, then it is established that it will increase national prosperity. There is a possibility that the government did not increase national prosperity.	It is not the case that the government increased national prosperity.	entailment	congruent	Hyp-MT	epistemic
80	If a historical event has far-reaching consequences, then its impact must have been felt across generations. There is a possibility that the impact of the historical event was not felt across generations.	It is not the case that the impact of the historical event was felt across generations.	entailment	congruent	Hyp-MT	epistemic
81	If apples are fruits, then it is established that the Earth is flat. It is not established that the Earth is flat.	It is not the case that the Earth is flat.	entailment	incongruent	Hyp-MT	epistemic
82	If roses are red, then it is certain that cats can fly. It is not certain that cats can fly.	It is not the case that cats can fly.	entailment	incongruent	Hyp-MT	epistemic
83	If the sky is blue, then it is necessarily the case that water is not wet. It is not necessarily the case that water is not wet.	It is not the case that water is not wet.	entailment	incongruent	Hyp-MT	epistemic
84	If ice cream is sweet, then it is known that plants do not need sunlight. It is not known that plants do not need sunlight.	It is not the case that plants do not need sunlight.	entailment	incongruent	Hyp-MT	epistemic
85	If lions roar, then it is certain that fire is cold. It is not certain that fire is cold.	It is not the case that fire is cold.	entailment	incongruent	Hyp-MT	epistemic
86	If penguins can swim, then it is established that birds cannot fly. It is not established that birds cannot fly.	It is not the case that birds cannot fly.	entailment	incongruent	Hyp-MT	epistemic
87	If chocolate is delicious, then it is necessarily the case that the moon is made of green cheese. It is not the case that the moon is made of green cheese.	It is not the case that the moon is made of green cheese.	entailment	incongruent	Hyp-MT	epistemic
88	If humans have five fingers on each hand, then it is certain that spiders have ten legs. It is not the case that spiders must have had ten legs.	It is not the case that spiders have ten legs.	entailment	incongruent	Hyp-MT	epistemic
89	If the Earth spins on its axis, then it is known that elephants can fly. Elephants might not be able to fly.	It is not the case that elephants can fly.	entailment	incongruent	Hyp-MT	epistemic
90	If Berlin is the capital of Germany, then it is certain that Paris is the capital of England. It is not certain that Paris is the capital of England.	It is not the case that Paris is the capital of England.	entailment	incongruent	Hyp-MT	epistemic
91	If sound travels through air, then it is known that trees can talk. There's a chance trees cannot talk.	It is not the case that trees can talk.	entailment	incongruent	Hyp-MT	epistemic
92	If the Nile River is the longest river in the world, then it is necessarily the case that dogs can meow. It is not necessarily the case that dogs can meow.	It is not the case that dogs can meow.	entailment	incongruent	Hyp-MT	epistemic
93	If Mount Kilimanjaro is in Africa, then it is certain that the human body can regenerate limbs. It is possible that the human body cannot regenerate limbs.	It is not the case that the human body can regenerate limbs.	entailment	incongruent	Hyp-MT	epistemic
94	If smartphones exist, then it is established that humans can breathe underwater. It is not established that humans can breathe underwater.	It is not the case that humans can breathe underwater.	entailment	incongruent	Hyp-MT	epistemic
95	If water freezes at 0 degrees Celsius, then it is known that teleportation is possible. It is not known that teleportation is possible.	It is not the case that teleportation is possible.	entailment	incongruent	Hyp-MT	epistemic
96	"If the Mona Lisa is a painting, then it is certain that Michelangelo painted the ""Girl with a Pearl Earring"". There is a possibility that Michelangelo did not paint the ""Girl with a Pearl Earring""."	"It is not the case that Michelangelo painted the ""Girl with a Pearl Earring""."	entailment	incongruent	Hyp-MT	epistemic
97	If the Great Wall of China is a man-made structure, then it is necessarily the case that Leonardo da Vinci invented the airplane. It is not certain that Leonardo da Vinci invented the airplane.	It is not the case that Leonardo da Vinci invented the airplane.	entailment	incongruent	Hyp-MT	epistemic
98	If light travels in a straight line, then it is established that Julius Caesar discovered America. It is not established that Julius Caesar discovered America.	It is not the case that Julius Caesar discovered America.	entailment	incongruent	Hyp-MT	epistemic
99	If cats are mammals, then it is known that the internet was invented in ancient Rome. It is not known that the internet was invented in ancient Rome.	It is not the case that the internet was invented in ancient Rome.	entailment	incongruent	Hyp-MT	epistemic
100	If the Sahara Desert is the largest hot desert in the world, then it is certain that vaccines cause autism. It is not necessarily the case that vaccines cause autism.	It is not the case that vaccines cause autism.	entailment	incongruent	Hyp-MT	epistemic
101	If the flibbertigibbet is grommeted, then it is certain that it will be frabjous. It is not certain that the flibbertigibbet is frabjous.	It is not the case that the flibbertigibbet is frabjous.	entailment	nonsense	Hyp-MT	epistemic
102	If the quango is fizzbinned, then it is necessarily the case that it will be outgrabing. It is not necessarily the case that the quango is outgrabing.	It is not the case that the quango is outgrabing.	entailment	nonsense	Hyp-MT	epistemic
103	If the wibble is bandersnatched, then it is known that it will be mimsy. It is not known that the wibble is mimsy.	It is not the case that the wibble is mimsy.	entailment	nonsense	Hyp-MT	epistemic
104	If the gardyloo is galumphing, then it is established that it will be uffish. It is not established that the gardyloo is uffish.	It is not the case that the gardyloo is uffish.	entailment	nonsense	Hyp-MT	epistemic
105	If the yargle is squiffling, then it must have been zozzled. It is not the case that the yargle must have been zozzled.	It is not the case that the yargle was zozzled.	entailment	nonsense	Hyp-MT	epistemic
106	If the flummox is outgrabing, then it is certain that it will be gyring. It is possible that the flummox is not gyring.	It is not the case that the flummox is gyring.	entailment	nonsense	Hyp-MT	epistemic
107	If the grockle is gyring, then it is necessarily the case that it will be whiffling. It is possible that the grockle is not whiffling.	It is not the case that the grockle is whiffling.	entailment	nonsense	Hyp-MT	epistemic
108	If the chortle is mimsy, then it is known that it will be calloohing. It is possible that the chortle is not calloohing.	It is not the case that the chortle is calloohing.	entailment	nonsense	Hyp-MT	epistemic
109	If the uffish thought is calloohing, then it is established that it will be bandersnatching. It is possible that the uffish thought is not bandersnatching.	It is not the case that the uffish thought is bandersnatching.	entailment	nonsense	Hyp-MT	epistemic
110	If the tulgey wood is whiffling, then it must have been gimbling. It is possible that the tulgey wood was not gimbling.	It is not the case that the tulgey wood was gimbling.	entailment	nonsense	Hyp-MT	epistemic
111	If the frabjous bandersnatch is gimbling, then it is certain that it will be outgrabing. There's a chance that the frabjous bandersnatch is not outgrabing.	It is not the case that the frabjous bandersnatch is outgrabing.	entailment	nonsense	Hyp-MT	epistemic
112	If the callay is outgrabing, then it is necessarily the case that it will be frabjous. There's a chance that the callay is not frabjous.	It is not the case that the callay is frabjous.	entailment	nonsense	Hyp-MT	epistemic
113	If the slithy toves is frabjous, then it is known that it will be zozzled. There's a chance that the slithy toves is not zozzled.	It is not the case that the slithy toves is zozzled.	entailment	nonsense	Hyp-MT	epistemic
114	If the mome raths is galumphing, then it is established that it will be fizzbinned. There's a chance that the mome raths is not fizzbinned.	It is not the case that the mome raths is fizzbinned.	entailment	nonsense	Hyp-MT	epistemic
115	If the jubjub bird is squiffling, then it must have been grommeted. There is a possibility that the jubjub bird was not grommeted.	It is not the case that the jubjub bird was grommeted.	entailment	nonsense	Hyp-MT	epistemic
116	If the whiffling pig is outgrabing, then it is certain that it will be bandersnatched. There is a possibility that the whiffling pig is not bandersnatched.	It is not the case that the whiffling pig is bandersnatched.	entailment	nonsense	Hyp-MT	epistemic
117	If the mimsy borogove is gyring, then it is necessarily the case that it will be galumphing. There is a possibility that the mimsy borogove is not galumphing.	It is not the case that the mimsy borogove is galumphing.	entailment	nonsense	Hyp-MT	epistemic
118	If the rathe is mimsy, then it is known that it will be uffish. There is a possibility that the rathe is not uffish.	It is not the case that the rathe is uffish.	entailment	nonsense	Hyp-MT	epistemic
119	If the bandersnatch is calloohing, then it is established that it will be whiffling. There is a possibility that the bandersnatch is not whiffling.	It is not the case that the bandersnatch is whiffling.	entailment	nonsense	Hyp-MT	epistemic
120	If the jubjub is whiffling, then it must have been calloohing. There is a possibility that the jubjub was not calloohing.	It is not the case that the jubjub was calloohing.	entailment	nonsense	Hyp-MT	epistemic
121	All countries with a coastline must have a navy.  Japan is a country with a coastline.	Japan must have a navy.	entailment	congruent	Cat-MP	epistemic
122	All professional athletes are certain to train rigorously. Serena Williams is a professional athlete.	Serena Williams is certain to train rigorously.	entailment	congruent	Cat-MP	epistemic
123	All planets necessarily have gravity. Earth is a planet.	Earth necessarily has gravity.	entailment	congruent	Cat-MP	epistemic
124	All extinct species are known to have once existed. The dodo is an extinct species.	The dodo is known to have once existed.	entailment	congruent	Cat-MP	epistemic
125	It is established that all ecosystems are affected by climate change. The Arctic is an ecosystem.	It is established that the Arctic is affected by climate change.	entailment	congruent	Cat-MP	epistemic
126	All mammals must have a heart.  A chimpanzee is a mammal.	A chimpanzee must have a heart.	entailment	congruent	Cat-MP	epistemic
127	All rivers are certain to eventually flow into a larger body of water. The Mississippi River is a river.	The Mississippi River is certain to eventually flow into a larger body of water.	entailment	congruent	Cat-MP	epistemic
128	All historical civilizations necessarily had a form of social structure. The ancient Egyptians were a historical civilization.	The ancient Egyptians necessarily had a form of social structure.	entailment	congruent	Cat-MP	epistemic
129	All languages are known to have dialects.  German is a language.	German is known to have dialects.	entailment	congruent	Cat-MP	epistemic
130	It is established that all economic systems have strengths and weaknesses.  Communism is an economic system.	It is established that Communism has strengths and weaknesses.	entailment	congruent	Cat-MP	epistemic
131	All living organisms must have a way to obtain energy. This mushroom is a living organism.	This mushroom must have a way to obtain energy.	entailment	congruent	Cat-MP	epistemic
132	All scientific theories are certain to be subject to revision as new evidence emerges. The theory of relativity is a scientific theory.	The theory of relativity is certain to be subject to revision as new evidence emerges.	entailment	congruent	Cat-MP	epistemic
133	All social movements necessarily arise from a desire for change. The Civil Rights movement was a social movement.	The Civil Rights movement necessarily arose from a desire for change.	entailment	congruent	Cat-MP	epistemic
134	All works of art are known to be open to interpretation. This painting is a work of art.	This painting is known to be open to interpretation.	entailment	congruent	Cat-MP	epistemic
135	It is established that all cultures have unique forms of artistic expression. The Aboriginal Australian culture is a culture.	It is established that the Aboriginal Australian culture has unique forms of artistic expression.	entailment	congruent	Cat-MP	epistemic
136	All historical events must have had an impact on the world. The invention of the printing press was a historical event.	The invention of the printing press must have had an impact on the world.	entailment	congruent	Cat-MP	epistemic
137	All celestial bodies are certain to be in motion. This asteroid is a celestial body.	This asteroid is certain to be in motion.	entailment	congruent	Cat-MP	epistemic
138	All political systems necessarily involve the distribution of power. Democracy is a political system.	Democracy necessarily involves the distribution of power.	entailment	congruent	Cat-MP	epistemic
139	All languages are known to have a grammatical structure.  Swahili is a language.	Swahili is known to have a grammatical structure.	entailment	congruent	Cat-MP	epistemic
140	It is established that all economies are influenced by global events. The economy of Greece is an economy.	It is established that the economy of Greece is influenced by global events.	entailment	congruent	Cat-MP	epistemic
141	All birds necessarily fly. Tweety is a bird.	Tweety necessarily flies.	entailment	incongruent	Cat-MP	epistemic
142	All fruits are known to be green. A banana is a fruit.	A banana is known to be green.	entailment	incongruent	Cat-MP	epistemic
143	All mammals must have been purple. A cat is a mammal.	A cat must have been purple.	entailment	incongruent	Cat-MP	epistemic
144	All planets are certain to be made of cheese. The Earth is a planet.	The Earth is certain to be made of cheese.	entailment	incongruent	Cat-MP	epistemic
145	All fish must breathe air. A goldfish is a fish.	It is established that a goldfish breathes air.	entailment	incongruent	Cat-MP	epistemic
146	All trees are known to be able to walk. An oak tree is a tree.	An oak tree is known to be able to walk.	entailment	incongruent	Cat-MP	epistemic
147	All flowers must have been black. A rose is a flower.	A rose must have been black.	entailment	incongruent	Cat-MP	epistemic
148	All insects are certain to have eight legs. A spider is an insect.	A spider is certain to have eight legs.	entailment	incongruent	Cat-MP	epistemic
149	All rivers are known to flow uphill. The Nile is a river.	The Nile is known to flow uphill.	entailment	incongruent	Cat-MP	epistemic
150	All mountains must have been made of chocolate. Mount Everest is a mountain.	Mount Everest must have been made of chocolate.	entailment	incongruent	Cat-MP	epistemic
151	All clouds are certain to be square-shaped. A cumulus cloud is a cloud.	A cumulus cloud is certain to be square-shaped.	entailment	incongruent	Cat-MP	epistemic
152	All countries are known to be located in Europe. Brazil is a country.	Brazil is known to be located in Europe.	entailment	incongruent	Cat-MP	epistemic
153	All historical figures must have been time travelers. Cleopatra was a historical figure.	Cleopatra must have been a time traveler.	entailment	incongruent	Cat-MP	epistemic
154	All paintings are certain to be painted by Picasso. The Mona Lisa is a painting.	The Mona Lisa is certain to be painted by Picasso.	entailment	incongruent	Cat-MP	epistemic
155	All books are known to be written in French. Hamlet is a book.	Hamlet is known to be written in French.	entailment	incongruent	Cat-MP	epistemic
156	All musical instruments must have been made of cheese. A violin is a musical instrument.	A violin must have been made of cheese.	entailment	incongruent	Cat-MP	epistemic
157	All sports must be played on ice. Soccer is a sport.	Soccer must be played on ice.	entailment	incongruent	Cat-MP	epistemic
158	All vehicles are certain to fly. A car is a vehicle.	A car is certain to fly.	entailment	incongruent	Cat-MP	epistemic
159	All buildings are known to be made of candy. The Eiffel Tower is a building.	The Eiffel Tower is known to be made of candy.	entailment	incongruent	Cat-MP	epistemic
160	All planets must have rings. Earth is a planet.	Earth must have rings.	entailment	incongruent	Cat-MP	epistemic
161	All flibbertigibbets must have been zozzled. This quango is a flibbertigibbet.	This quango must have been zozzled.	entailment	nonsense	Cat-MP	epistemic
162	All grommets are certain to be frabjous. This wibble is a grommet.	This wibble is certain to be frabjous.	entailment	nonsense	Cat-MP	epistemic
163	All bandersnatches necessarily outgrabe. This gardyloo is a bandersnatch.	This gardyloo necessarily outgrabes.	entailment	nonsense	Cat-MP	epistemic
164	All mimsical creatures are known to be whiffling. This yargle is a mimsy creature.	This yargle is known to be whiffling.	entailment	nonsense	Cat-MP	epistemic
165	It is established that all tulgey woods are calloohing. This flummox is a tulgey wood.	It is established that this flummox is calloohing.	entailment	nonsense	Cat-MP	epistemic
166	All slithy toves must gyre. This grockle is a slithy tove.	This grockle must gyre.	entailment	nonsense	Cat-MP	epistemic
167	All jubjub birds are certain to be outgrabing. This chortle is a jubjub bird.	This chortle is certain to be outgrabing.	entailment	nonsense	Cat-MP	epistemic
168	All uffish thoughts necessarily bandersnatch. This whiffling pig is an uffish thought.	This whiffling pig necessarily bandersnatches.	entailment	nonsense	Cat-MP	epistemic
169	All mome raths are known to be outgrabing. This mimsy borogove is a mome rath.	This mimsy borogove is known to be outgrabing.	entailment	nonsense	Cat-MP	epistemic
170	It is established that all rathes are mimsy. This bandersnatch is a rathe.	It is established that this bandersnatch is mimsy.	entailment	nonsense	Cat-MP	epistemic
171	All jubjubs must galumph. This tulgey wood is a jubjub.	This tulgey wood must galumph.	entailment	nonsense	Cat-MP	epistemic
172	All slithy toves must have been bandersnatched. This jubjub bird is a slithy tove.	This jubjub bird must have been bandersnatched.	entailment	nonsense	Cat-MP	epistemic
173	All callays are certain to be outgrabing. This whiffling pig is a callay.	This whiffling pig is certain to be outgrabing.	entailment	nonsense	Cat-MP	epistemic
174	All mome raths necessarily gyre and gimble. This rathe is a mome rath.	This rathe necessarily gyres and gimbles.	entailment	nonsense	Cat-MP	epistemic
175	All bandersnatches are known to be frumious. This jubjub bird is a bandersnatch.	This jubjub bird is known to be frumious.	entailment	nonsense	Cat-MP	epistemic
176	It is established that all outgrabing creatures are whiffling. This callay is an outgrabing creature.	It is established that this callay is whiffling.	entailment	nonsense	Cat-MP	epistemic
177	All zozzled creatures must be frabjous. This flibbertigibbet is a zozzled creature.	This flibbertigibbet must be frabjous.	entailment	nonsense	Cat-MP	epistemic
178	All fizzbinned creatures are certain to be outgrabing. This quango is a fizzbinned creature.	This quango is certain to be outgrabing.	entailment	nonsense	Cat-MP	epistemic
179	All whiffling objects necessarily have a tulgey wood. This mimsy borogove is a whiffling object.	This mimsy borogove necessarily has a tulgey wood.	entailment	nonsense	Cat-MP	epistemic
180	All calloohing creatures are known to be bandersnatching. This uffish thought is a calloohing creature.	This uffish thought is known to be bandersnatching.	entailment	nonsense	Cat-MP	epistemic
181	All celestial bodies in the Andromeda Galaxy must have been formed after the Big Bang. It is not the case that this newly discovered particle must have been formed after the Big Bang.	This newly discovered particle is not a celestial body in the Andromeda Galaxy.	entailment	congruent	Cat-MT	epistemic
182	All participants in this clinical trial are certain to have signed the consent form.  The individual known as Subject X is not certain to have signed the consent form.	Subject X is not a participant in this clinical trial.	entailment	congruent	Cat-MT	epistemic
183	All elements with an atomic number higher than 92 necessarily exhibit radioactivity.  This sample of bismuth does not necessarily exhibit radioactivity.	This sample of bismuth is not an element with an atomic number higher than 92.	entailment	congruent	Cat-MT	epistemic
184	All members of the ancient civilization of Mu are known to have used a specific writing system. This inscription found in a remote cave is not known to have used that specific writing system.	This inscription is not from the ancient civilization of Mu.	entailment	congruent	Cat-MT	epistemic
185	It is established that all black holes have an event horizon. This hypothetical object in the Andromeda Galaxy is not established to have an event horizon.	This hypothetical object is not a black hole.	entailment	congruent	Cat-MT	epistemic
186	All manuscripts submitted to this journal must undergo peer review. This document leaked to the press did not undergo peer review.	This leaked document is not a manuscript submitted to this journal.	entailment	congruent	Cat-MT	epistemic
187	All winners of the Nobel Prize in Literature are certain to be acclaimed writers. This self-published author is not certain to be an acclaimed writer.	This self-published author is not a winner of the Nobel Prize in Literature.	entailment	congruent	Cat-MT	epistemic
188	All artifacts recovered from the sunken city of Atlantis necessarily predate the classical era. This pottery shard does not necessarily predate the classical era.	This pottery shard is not an artifact recovered from the sunken city of Atlantis.	entailment	congruent	Cat-MT	epistemic
189	All members of the secret society known as the Illuminati are known to possess a specific mark. This individual does not possess that specific mark.	This individual is not a member of the Illuminati.	entailment	congruent	Cat-MT	epistemic
190	It is established that all paintings attributed to Rembrandt have been analyzed using X-ray fluorescence. This painting in a private collection is not established to have been analyzed using X-ray fluorescence.	This painting is not a painting attributed to Rembrandt.	entailment	congruent	Cat-MT	epistemic
191	All species discovered on this newly explored island must be endemic to that island. This species of beetle is not endemic to that island.	This species of beetle is not a species discovered on this newly explored island.	entailment	congruent	Cat-MT	epistemic
192	All participants in the study on telepathy are certain to have undergone rigorous psychological testing. This individual is not certain to have undergone rigorous psychological testing.	This individual is not a participant in the study on telepathy.	entailment	congruent	Cat-MT	epistemic
193	"All documents classified as ""top secret"" necessarily contain information vital to national security. This internal memo does not necessarily contain information vital to national security."	"This internal memo is not a document classified as ""top secret""."	entailment	congruent	Cat-MT	epistemic
194	All members of the expedition to the lost city of El Dorado are known to have carried a specific type of compass. This antique compass found in an antique shop is not known to have been carried by a member of that expedition.	This antique compass is not from the expedition to El Dorado.	entailment	congruent	Cat-MT	epistemic
195	It is established that all meteorites found in this region originate from the asteroid belt. This unusual rock formation is not established to originate from the asteroid belt.	This unusual rock formation is not a meteorite found in this region.	entailment	congruent	Cat-MT	epistemic
196	All individuals who claim to have been abducted by aliens must have undergone hypnotic regression. This person recounting their experience has not undergone hypnotic regression.	This person is not an individual who claims to have been abducted by aliens.	entailment	congruent	Cat-MT	epistemic
197	All participants in the experiment on precognition are certain to have been screened for psychic abilities. This volunteer is not certain to have been screened for psychic abilities.	This volunteer is not a participant in the experiment on precognition.	entailment	congruent	Cat-MT	epistemic
198	All ancient texts purported to reveal the future necessarily employ cryptic language. This recently discovered manuscript does not necessarily employ cryptic language.	This recently discovered manuscript is not an ancient text purported to reveal the future.	entailment	congruent	Cat-MT	epistemic
199	"All members of the clandestine organization known as ""The Circle"" are known to use a specific code word. This individual has not used that specific code word."	"This individual is not a member of ""The Circle""."	entailment	congruent	Cat-MT	epistemic
200	"It is established that all paintings attributed to the anonymous artist known as ""The Shadow"" have a hidden signature. This painting found in a flea market is not established to have a hidden signature."	"This painting is not a painting attributed to ""The Shadow""."	entailment	congruent	Cat-MT	epistemic
201	All birds must have been able to fly. It is not the case that penguins must have been able to fly.	Penguins are not birds.	entailment	incongruent	Cat-MT	epistemic
202	All fruits are certain to be sweet. A lemon is not certain to be sweet.	A lemon is not a fruit.	entailment	incongruent	Cat-MT	epistemic
203	All mammals necessarily have fur. It is not established that dolphins have fur.	Dolphins are not mammals.	entailment	incongruent	Cat-MT	epistemic
204	All planets are known to be made of cheese. It is not the case that Earth is known to be made of cheese.	Earth is not a planet.	entailment	incongruent	Cat-MT	epistemic
205	All fish must breathe underwater. It is not the case that sharks must breathe underwater.	Sharks are not fish.	entailment	incongruent	Cat-MT	epistemic
206	All trees are certain to have leaves. It is not certain that cacti have leaves.	Cacti are not trees.	entailment	incongruent	Cat-MT	epistemic
207	All flowers necessarily have petals. It is not necessarily the case that sunflowers have petals.	Sunflowers are not flowers.	entailment	incongruent	Cat-MT	epistemic
208	All insects are known to have six legs. It is not known that spiders have six legs.	Spiders are not insects.	entailment	incongruent	Cat-MT	epistemic
209	All rivers must flow into the sea. It is not the case that the Nile River must flow into the sea.	The Nile River is not a river.	entailment	incongruent	Cat-MT	epistemic
210	All mountains are certain to be tall. It is not certain that hills are tall.	Hills are not mountains.	entailment	incongruent	Cat-MT	epistemic
211	All clouds necessarily have a white color. It is not necessarily the case that storm clouds have a white color.	Storm clouds are not clouds.	entailment	incongruent	Cat-MT	epistemic
212	All countries are known to be located on Earth. It is not known that Atlantis is located on Earth.	Atlantis is not a country.	entailment	incongruent	Cat-MT	epistemic
213	All historical figures must have been born before the 20th century. It is not the case that Neil Armstrong must have been born before the 20th century.	Neil Armstrong is not a historical figure.	entailment	incongruent	Cat-MT	epistemic
214	All paintings are certain to be beautiful. It is not certain that all modern art is beautiful.	Modern art is not painting.	entailment	incongruent	Cat-MT	epistemic
215	All books are known to be made of paper. It is not known that ebooks are made of paper.	Ebooks are not books.	entailment	incongruent	Cat-MT	epistemic
216	All musical instruments must be played with the hands. It is not the case that a trumpet must be played with the hands.	A trumpet is not a musical instrument.	entailment	incongruent	Cat-MT	epistemic
217	All sports necessarily involve a ball. It is not necessarily the case that running involves a ball.	Running is not a sport.	entailment	incongruent	Cat-MT	epistemic
218	All vehicles are known to have wheels. It is not known that sleds have wheels.	Sleds are not vehicles.	entailment	incongruent	Cat-MT	epistemic
219	All buildings must have been designed by an architect. It is not the case that the Great Pyramid of Giza must have been designed by an architect.	The Great Pyramid of Giza is not a building.	entailment	incongruent	Cat-MT	epistemic
220	All planets must orbit a star. It is not the case that the Moon must orbit a star.	The Moon is not a planet.	entailment	incongruent	Cat-MT	epistemic
221	All fleepglorps must have been flooglehorns. It is not the case that a quaggle must have been a flooglehorn.	A quaggle is not a fleepglorp.	entailment	nonsense	Cat-MT	epistemic
222	All zizzlepops are certain to be wibblewobbles. A grickle is not certain to be a wibblewobble.	A grickle is not a zizzlepop.	entailment	nonsense	Cat-MT	epistemic
223	All hocus pocuses necessarily involve a framistan. This thingamajig does not necessarily involve a framistan.	This thingamajig is not a hocus pocus.	entailment	nonsense	Cat-MT	epistemic
224	All squiggles are known to have a flurgle. This doodad is not known to have a flurgle.	This doodad is not a squiggle.	entailment	nonsense	Cat-MT	epistemic
225	It is established that all jimjams contain a whozit. This whatchamacallit is not established to contain a whozit.	This whatchamacallit is not a jimjam.	entailment	nonsense	Cat-MT	epistemic
226	All flibbertigibbets must be able to gronk. This gizmo is not able to gronk.	This gizmo is not a flibbertigibbet.	entailment	nonsense	Cat-MT	epistemic
227	All whirligigs are certain to have a doohickey. This thingamabob is not certain to have a doohickey.	This thingamabob is not a whirligig.	entailment	nonsense	Cat-MT	epistemic
228	All kerfuffles necessarily involve a shenanigan. This contraption does not necessarily involve a shenanigan.	This contraption is not a kerfuffle.	entailment	nonsense	Cat-MT	epistemic
229	All dingdongs are known to have a whatsit. This widget is not known to have a whatsit.	This widget is not a dingdong.	entailment	nonsense	Cat-MT	epistemic
230	It is established that all geegaws contain a thingy. This doodad is not established to contain a thingy.	This doodad is not a geegaw.	entailment	nonsense	Cat-MT	epistemic
231	All frizzles must have a frazzle. This gizmo does not have a frazzle.	This gizmo is not a frizzle.	entailment	nonsense	Cat-MT	epistemic
232	All whirlygigs are certain to be jiggly. This thingamajig is not certain to be jiggly.	This thingamajig is not a whirlygig.	entailment	nonsense	Cat-MT	epistemic
233	All razzmatazzs necessarily involve a hullabaloo. This contraption does not necessarily involve a hullabaloo.	This contraption is not a razzmatazz.	entailment	nonsense	Cat-MT	epistemic
234	All knickknacks are known to have a trinket. This widget is not known to have a trinket.	This widget is not a knickknack.	entailment	nonsense	Cat-MT	epistemic
235	It is established that all doodads contain a gizmo. This thingamajig is not established to contain a gizmo.	This thingamajig is not a doodad.	entailment	nonsense	Cat-MT	epistemic
236	All thingamabobs must have a whatchamacallit. This widget does not have a whatchamacallit.	This widget is not a thingamabob.	entailment	nonsense	Cat-MT	epistemic
237	All geegaws are certain to be whizzbangs. This doodad is not certain to be a whizzbang.	This doodad is not a geegaw.	entailment	nonsense	Cat-MT	epistemic
238	All shenanigans necessarily involve a kerfuffle. This contraption does not necessarily involve a kerfuffle.	This contraption is not a shenanigan.	entailment	nonsense	Cat-MT	epistemic
239	All whatchamacallits are known to have a thingamajig. This widget is not known to have a thingamajig.	This widget is not a whatchamacallit.	entailment	nonsense	Cat-MT	epistemic
240	It is established that all thingamajigs contain a whatsit. This doodad is not established to contain a whatsit.	This doodad is not a thingamajig.	entailment	nonsense	Cat-MT	epistemic
241	If the artifact is authentic, then it is certain that the museum will display it. It is certain that the museum will display the artifact.	The artifact is authentic.	non-entailment	congruent	Hyp-AC	epistemic
242	If the patient has the virus, then it is necessarily the case that they will exhibit symptoms. It is necessarily the case that the patient will exhibit symptoms.	The patient has the virus.	non-entailment	congruent	Hyp-AC	epistemic
243	If the experiment is successful, then it is known that the results will be published. It is known that the results will be published.	The experiment is successful.	non-entailment	congruent	Hyp-AC	epistemic
244	If the theory is correct, then it is established that it will revolutionize the field. It is established that the theory will revolutionize the field.	The theory is correct.	non-entailment	congruent	Hyp-AC	epistemic
245	If the suspect was at the crime scene, then they must have been seen by the witness. The suspect must have been seen by the witness.	The suspect was at the crime scene.	non-entailment	congruent	Hyp-AC	epistemic
246	If the manuscript is accepted, then it is certain that the author will be notified. It is certain that the author will be notified.	The manuscript is accepted.	non-entailment	congruent	Hyp-AC	epistemic
247	If the painting is a forgery, then it is necessarily the case that it will be removed from the auction. It is necessarily the case that the painting will be removed from the auction.	The painting is a forgery.	non-entailment	congruent	Hyp-AC	epistemic
248	If the species is endangered, then it is known that it will be protected by law. It is known that the species will be protected by law.	The species is endangered.	non-entailment	congruent	Hyp-AC	epistemic
249	If the investment is sound, then it is established that it will yield a profit. It is established that the investment will yield a profit.	The investment is sound.	non-entailment	congruent	Hyp-AC	epistemic
250	If the expedition reaches the summit, then they must have been successful in their climb. The expedition must have been successful in their climb.	The expedition reached the summit.	non-entailment	congruent	Hyp-AC	epistemic
251	If the prophecy is true, then it is certain that the world will end soon. It is certain that the world will end soon.	The prophecy is true.	non-entailment	congruent	Hyp-AC	epistemic
252	If the artifact is cursed, then it is necessarily the case that misfortune will befall its owner. It is necessarily the case that misfortune will befall the artifact's owner.	The artifact is cursed.	non-entailment	congruent	Hyp-AC	epistemic
253	If the experiment is flawed, then it is known that the data will be unreliable. It is known that the data will be unreliable.	The experiment is flawed.	non-entailment	congruent	Hyp-AC	epistemic
254	If the theory is groundbreaking, then it is established that it will be widely debated. It is established that the theory will be widely debated.	The theory is groundbreaking.	non-entailment	congruent	Hyp-AC	epistemic
255	If the suspect is guilty, then they must have been at the crime scene. The suspect must have been at the crime scene.	The suspect is guilty.	non-entailment	congruent	Hyp-AC	epistemic
256	If the manuscript is plagiarized, then it is certain that it will be rejected. It is certain that the manuscript will be rejected.	The manuscript is plagiarized.	non-entailment	congruent	Hyp-AC	epistemic
257	If the painting is authentic, then it is necessarily the case that it will be valued at millions. It is necessarily the case that the painting will be valued at millions.	The painting is authentic.	non-entailment	congruent	Hyp-AC	epistemic
258	If the species is invasive, then it is known that it will disrupt the ecosystem. It is known that the species will disrupt the ecosystem.	The species is invasive.	non-entailment	congruent	Hyp-AC	epistemic
259	If the investment is risky, then it is established that it could result in a loss. It is established that the investment could result in a loss.	The investment is risky.	non-entailment	congruent	Hyp-AC	epistemic
260	If the expedition discovers the lost city, then they must have been following the correct map. The expedition must have been following the correct map.	The expedition discovered the lost city.	non-entailment	congruent	Hyp-AC	epistemic
261	If horses breathe fire, then it is certain that birds swim. It is certain that birds swim.	Horses breathe fire.	non-entailment	incongruent	Hyp-AC	epistemic
262	If the Earth is flat, then it is necessarily the case that the sun revolves around the Earth. It is necessarily the case that the sun revolves around the Earth.	The Earth is flat.	non-entailment	incongruent	Hyp-AC	epistemic
263	If humans sprout wings, then it is known that fish walk on land. It is known that fish walk on land.	Humans sprout wings.	non-entailment	incongruent	Hyp-AC	epistemic
264	If trees sing, then it is established that rocks grow. It is established that rocks grow.	Trees sing.	non-entailment	incongruent	Hyp-AC	epistemic
265	If fire is freezing, then it is certain that ice is burning. It is certain that ice is burning.	Fire is freezing.	non-entailment	incongruent	Hyp-AC	epistemic
266	If birds are aquatic creatures, then it is known that fish fly. Fish must have been able to fly.	Birds are aquatic creatures.	non-entailment	incongruent	Hyp-AC	epistemic
267	If the moon is made of cheese, then it is necessarily the case that the sky is green. It is necessarily the case that the sky is green.	The moon is made of cheese.	non-entailment	incongruent	Hyp-AC	epistemic
268	If spiders have ten legs, then it is certain that insects have four legs. Insects must have had four legs.	Spiders have ten legs.	non-entailment	incongruent	Hyp-AC	epistemic
269	If elephants fly, then it is established that whales walk on land. It is established that whales walk on land.	Elephants fly.	non-entailment	incongruent	Hyp-AC	epistemic
270	If the Amazon rainforest is located in Antarctica, then it is known that the Sahara Desert is located in the Arctic. It is known that the Sahara Desert is located in the Arctic.	The Amazon rainforest is located in Antarctica.	non-entailment	incongruent	Hyp-AC	epistemic
271	If Mount Everest is the smallest mountain in the world, then it is certain that the Mariana Trench is the highest point on Earth. It is certain that the Mariana Trench is the highest point on Earth.	Mount Everest is the smallest mountain in the world.	non-entailment	incongruent	Hyp-AC	epistemic
272	If the internet was invented in the Stone Age, then it is necessarily the case that computers were invented in the future. It is necessarily the case that computers were invented in the future.	The internet was invented in the Stone Age.	non-entailment	incongruent	Hyp-AC	epistemic
273	If cars travel on water, then it is known that boats travel on land. Boats must have been able to travel on land.	Cars travel on water.	non-entailment	incongruent	Hyp-AC	epistemic
274	If time travel is possible, then it is established that teleportation is impossible. It is established that teleportation is impossible.	Time travel is possible.	non-entailment	incongruent	Hyp-AC	epistemic
275	If the Mona Lisa was painted by Michelangelo, then it is certain that the Sistine Chapel ceiling was painted by Leonardo da Vinci. It is certain that the Sistine Chapel ceiling was painted by Leonardo da Vinci.	The Mona Lisa was painted by Michelangelo.	non-entailment	incongruent	Hyp-AC	epistemic
276	"If Mozart wrote ""Bohemian Rhapsody"", then it is necessarily the case that Queen wrote ""Requiem"". It is necessarily the case that Queen wrote ""Requiem""."	"Mozart wrote ""Bohemian Rhapsody""."	non-entailment	incongruent	Hyp-AC	epistemic
277	If soccer is played with a racket, then it is known that tennis is played with a foot. It is known that tennis is played with a foot.	Soccer is played with a racket.	non-entailment	incongruent	Hyp-AC	epistemic
278	If buildings walk, then it is established that statues dance. Statues must have been able to dance.	Buildings walk.	non-entailment	incongruent	Hyp-AC	epistemic
279	If gravity doesn't exist, then it is certain that objects fall upwards. It is certain that objects fall upwards.	Gravity doesn't exist.	non-entailment	incongruent	Hyp-AC	epistemic
280	If the sky is purple, then it is known that grass is blue. It is known that grass is blue.	The sky is purple.	non-entailment	incongruent	Hyp-AC	epistemic
281	If the floogle is gronking, then it is certain that the quaggle will be zapping. It is certain that the quaggle will be zapping.	The floogle is gronking.	non-entailment	nonsense	Hyp-AC	epistemic
282	If the wibblewobble is a fleepglorp, then it is necessarily the case that it will be a flooglehorn. It is necessarily the case that the wibblewobble is a flooglehorn.	The wibblewobble is a fleepglorp.	non-entailment	nonsense	Hyp-AC	epistemic
283	If the hocus pocus is performed correctly, then it is known that the framistan will appear. It is known that the framistan will appear.	The hocus pocus is performed correctly.	non-entailment	nonsense	Hyp-AC	epistemic
284	If the squiggle is a zizzlepop, then it is established that it will have a flurgle. It is established that the squiggle will have a flurgle.	The squiggle is a zizzlepop.	non-entailment	nonsense	Hyp-AC	epistemic
285	If the jimjam is activated, then the whozit must have been inserted. The whozit must have been inserted.	The jimjam is activated.	non-entailment	nonsense	Hyp-AC	epistemic
286	If the flibbertigibbet is a grickle, then it is certain that it will be able to gronk. It is certain that the flibbertigibbet will be able to gronk.	The flibbertigibbet is a grickle.	non-entailment	nonsense	Hyp-AC	epistemic
287	If the whirligig is a dingdong, then it is necessarily the case that it will have a doohickey. It is necessarily the case that the whirligig will have a doohickey.	The whirligig is a dingdong.	non-entailment	nonsense	Hyp-AC	epistemic
288	If the kerfuffle is successful, then it is known that the shenanigan will occur. It is known that the shenanigan will occur.	The kerfuffle is successful.	non-entailment	nonsense	Hyp-AC	epistemic
289	If the whatchamacallit is a geegaw, then it is established that it will contain a thingy. It is established that the whatchamacallit will contain a thingy.	The whatchamacallit is a geegaw.	non-entailment	nonsense	Hyp-AC	epistemic
290	If the frizzle is activated, then the frazzle must have been attached. The frazzle must have been attached.	The frizzle is activated.	non-entailment	nonsense	Hyp-AC	epistemic
291	If the whirlygig is a fleepglorp, then it is certain that it will be jiggly. It is certain that the whirlygig will be jiggly.	The whirlygig is a fleepglorp.	non-entailment	nonsense	Hyp-AC	epistemic
292	If the razzmatazz is a hocus pocus, then it is necessarily the case that it will involve a hullabaloo. It is necessarily the case that the razzmatazz will involve a hullabaloo.	The razzmatazz is a hocus pocus.	non-entailment	nonsense	Hyp-AC	epistemic
293	If the knickknack is a squiggle, then it is known that it will have a trinket. It is known that the knickknack will have a trinket.	The knickknack is a squiggle.	non-entailment	nonsense	Hyp-AC	epistemic
294	If the doodad is a jimjam, then it is established that it will contain a gizmo. It is established that the doodad will contain a gizmo.	The doodad is a jimjam.	non-entailment	nonsense	Hyp-AC	epistemic
295	If the thingamabob is activated, then the whatchamacallit must have been connected. The whatchamacallit must have been connected.	The thingamabob is activated.	non-entailment	nonsense	Hyp-AC	epistemic
296	If the geegaw is a wibblewobble, then it is certain that it will be a whizzbang. It is certain that the geegaw will be a whizzbang.	The geegaw is a wibblewobble.	non-entailment	nonsense	Hyp-AC	epistemic
297	If the shenanigan is a kerfuffle, then it is necessarily the case that it will involve a hullabaloo. It is necessarily the case that the shenanigan will involve a hullabaloo.	The shenanigan is a kerfuffle.	non-entailment	nonsense	Hyp-AC	epistemic
298	If the whatchamacallit is a dingdong, then it is known that it will have a thingamajig. It is known that the whatchamacallit will have a thingamajig.	The whatchamacallit is a dingdong.	non-entailment	nonsense	Hyp-AC	epistemic
299	If the thingamajig is a geegaw, then it is established that it will contain a whatsit. It is established that the thingamajig will contain a whatsit.	The thingamajig is a geegaw.	non-entailment	nonsense	Hyp-AC	epistemic
300	If the flibbertigibbet is a doohickey, then it is established that it will contain a wotsit. It is established that the flibbertigibbet will contain a wotsit.	The flibbertigibbet is a doohickey.	non-entailment	nonsense	Hyp-AC	epistemic
301	If the manuscript is accepted for publication, then it is certain that the author will be notified. It is not the case that the manuscript is accepted for publication.	It is not certain that the author will be notified.	non-entailment	congruent	Hyp-DA	epistemic
302	If the patient has contracted the virus, then it is necessarily the case that they will exhibit symptoms. The patient has not contracted the virus.	It is not necessarily the case that the patient will exhibit symptoms.	non-entailment	congruent	Hyp-DA	epistemic
303	If the experiment is successful, then it is known that the results will be groundbreaking. The experiment is not successful.	It is not known that the results will be groundbreaking.	non-entailment	congruent	Hyp-DA	epistemic
304	If the theory is proven correct, then it is established that it will revolutionize the field of physics. It is not the case that the theory is proven correct.	It is not established that the theory will revolutionize the field of physics.	non-entailment	congruent	Hyp-DA	epistemic
305	If the suspect was present at the crime scene, then they must have been seen by the witness. The suspect was not present at the crime scene.	It is not the case that the suspect must have been seen by the witness.	non-entailment	congruent	Hyp-DA	epistemic
306	If the investment is deemed sound, then it is certain that it will yield a substantial profit. The investment is not deemed sound.	It is not certain that the investment will yield a substantial profit.	non-entailment	congruent	Hyp-DA	epistemic
307	If the painting is a forgery, then it is necessarily the case that it will be withdrawn from the auction. The painting is not a forgery.	It is not necessarily the case that the painting will be withdrawn from the auction.	non-entailment	congruent	Hyp-DA	epistemic
308	If the species is classified as endangered, then it is known that it will be placed under government protection. The species is not classified as endangered.	It is not known that the species will be placed under government protection.	non-entailment	congruent	Hyp-DA	epistemic
309	If the expedition locates the ancient ruins, then it is established that they will make a significant archaeological discovery. The expedition did not locate the ancient ruins.	It is not established that the expedition will make a significant archaeological discovery.	non-entailment	congruent	Hyp-DA	epistemic
310	If the prophecy is authentic, then the world must have been destined for imminent destruction. The prophecy is not authentic.	It is not the case that the world must have been destined for imminent destruction.	non-entailment	congruent	Hyp-DA	epistemic
311	If the artifact is truly cursed, then it is certain that misfortune will befall its possessor. It is not the case that the artifact is truly cursed.	It is not certain that misfortune will befall its possessor.	non-entailment	congruent	Hyp-DA	epistemic
312	If the experiment suffers from a fundamental flaw, then it is necessarily the case that the collected data will be unreliable. The experiment does not suffer from a fundamental flaw.	It is not necessarily the case that the collected data will be unreliable.	non-entailment	congruent	Hyp-DA	epistemic
313	If the new technology proves viable, then it is known that it will be rapidly adopted by various industries. The new technology did not prove viable.	It is not known that the new technology will be rapidly adopted by various industries.	non-entailment	congruent	Hyp-DA	epistemic
314	If the defendant is found guilty, then it is established that they will face a lengthy prison sentence. The defendant is not found guilty.	It is not established that the defendant will face a lengthy prison sentence.	non-entailment	congruent	Hyp-DA	epistemic
315	If the manuscript contains plagiarized material, then it is certain that it will be rejected by the publisher. The manuscript does not contain plagiarized material.	It is not certain that the manuscript will be rejected by the publisher.	non-entailment	congruent	Hyp-DA	epistemic
316	If the painting is attributed to the renowned artist, then it is necessarily the case that it will be valued at several million dollars. The painting is not attributed to the renowned artist.	It is not necessarily the case that the painting will be valued at several million dollars.	non-entailment	congruent	Hyp-DA	epistemic
317	If the newly discovered species proves to be invasive, then it is known that it will pose a threat to the local ecosystem. The newly discovered species does not prove to be invasive.	It is not known that the newly discovered species will pose a threat to the local ecosystem.	non-entailment	congruent	Hyp-DA	epistemic
318	If the proposed investment carries a high level of risk, then it is established that it could result in substantial financial losses. The proposed investment does not carry a high level of risk.	It is not established that the proposed investment could result in substantial financial losses.	non-entailment	congruent	Hyp-DA	epistemic
319	If the expedition to the remote island is successful, then they must have been able to navigate the treacherous currents. The expedition to the remote island was not successful.	It is not the case that they must have been able to navigate the treacherous currents.	non-entailment	congruent	Hyp-DA	epistemic
320	If the ancient inscription is deciphered correctly, then it is certain that it will reveal the location of the hidden treasure. It is not the case that the ancient inscription is deciphered correctly.	It is not certain that it will reveal the location of the hidden treasure.	non-entailment	congruent	Hyp-DA	epistemic
321	If a bird flies, then it is certain that it has wings. It is not the case that a bird flies.	It is not certain that a bird has wings.	non-entailment	incongruent	Hyp-DA	epistemic
322	If you eat an orange, then it is necessarily the case that you consume Vitamin C. You did not eat an orange.	It is not necessarily the case that you consume Vitamin C.	non-entailment	incongruent	Hyp-DA	epistemic
323	If a dog barks, then it is known that it is making a sound. It is not the case that a dog barks.	It is not known that a dog is making a sound.	non-entailment	incongruent	Hyp-DA	epistemic
324	If the sun shines, then it is established that it is daytime. It is not the case that the sun shines.	It is not established that it is daytime.	non-entailment	incongruent	Hyp-DA	epistemic
325	If a plant grows, then it must have been watered. It is not the case that a plant grows.	It is not the case that a plant must have been watered.	non-entailment	incongruent	Hyp-DA	epistemic
326	If you drive a car, then it is certain that you use gasoline. You do not drive a car.	It is not certain that you use gasoline.	non-entailment	incongruent	Hyp-DA	epistemic
327	If a volcano erupts, then it is necessarily the case that ash is produced. It is not the case that a volcano erupts.	It is not necessarily the case that ash is produced.	non-entailment	incongruent	Hyp-DA	epistemic
328	If a cat meows, then it is known that it wants attention. It is not the case that a cat meows.	It is not known that a cat wants attention.	non-entailment	incongruent	Hyp-DA	epistemic
329	If a phone rings, then it is established that someone is calling. It is not the case that a phone rings.	It is not established that someone is calling.	non-entailment	incongruent	Hyp-DA	epistemic
330	If a seed germinates, then it must have been planted in soil. It is not the case that a seed germinates.	It is not the case that a seed must have been planted in soil.	non-entailment	incongruent	Hyp-DA	epistemic
331	If you play basketball, then it is certain that you use a ball. You do not play basketball.	It is not certain that you use a ball.	non-entailment	incongruent	Hyp-DA	epistemic
332	If a candle burns, then it is necessarily the case that it produces light. It is not the case that a candle burns.	It is not necessarily the case that it produces light.	non-entailment	incongruent	Hyp-DA	epistemic
333	If a fish swims, then it is known that it is in water. It is not the case that a fish swims.	It is not known that a fish is in water.	non-entailment	incongruent	Hyp-DA	epistemic
334	If a computer is on, then it is established that it is using electricity. It is not the case that a computer is on.	It is not established that a computer is using electricity.	non-entailment	incongruent	Hyp-DA	epistemic
335	If a river flows, then it must have been raining. It is not the case that a river flows.	It is not the case that it must have been raining.	non-entailment	incongruent	Hyp-DA	epistemic
336	If you bake bread, then it is certain that you use yeast. You do not bake bread.	It is possible that you do not use yeast.	non-entailment	incongruent	Hyp-DA	epistemic
337	If lightning strikes, then it is necessarily the case that it is raining. It is not the case that lightning strikes.	It is possible that it is not raining.	non-entailment	incongruent	Hyp-DA	epistemic
338	If a baby cries, then it is known that it is hungry. It is not the case that a baby cries.	It is possible that a baby is not hungry.	non-entailment	incongruent	Hyp-DA	epistemic
339	If a country is at war, then it is established that it has an army. It is not the case that a country is at war.	There's a chance that a country does not have an army.	non-entailment	incongruent	Hyp-DA	epistemic
340	If an artist paints a picture, then it must have been using a brush. It is not the case that an artist paints a picture.	There is a possibility that an artist was not using a brush.	non-entailment	incongruent	Hyp-DA	epistemic
341	If the floogle is gronking, then it is certain that the quaggle will be zapping. It is not the case that the floogle is gronking.	It is not certain that the quaggle will be zapping.	non-entailment	nonsense	Hyp-DA	epistemic
342	If the wibblewobble is a fleepglorp, then it is necessarily the case that it will also be a flooglehorn. It is not the case that the wibblewobble is a fleepglorp.	It is not necessarily the case that the wibblewobble will also be a flooglehorn.	non-entailment	nonsense	Hyp-DA	epistemic
343	If the hocus pocus is performed correctly, then it is known that the framistan will appear. You did not perform the hocus pocus correctly.	It is not known that the framistan will appear.	non-entailment	nonsense	Hyp-DA	epistemic
344	If the squiggle is a zizzlepop, then it is established that it will possess a flurgle. It is not the case that the squiggle is a zizzlepop.	It is not established that the squiggle will possess a flurgle.	non-entailment	nonsense	Hyp-DA	epistemic
345	If the jimjam is activated, then the whozit must have been inserted. You did not activate the jimjam.	It is not the case that the whozit must have been inserted.	non-entailment	nonsense	Hyp-DA	epistemic
346	If the flibbertigibbet is a grickle, then it is certain that it will be capable of gronking. It is not the case that the flibbertigibbet is a grickle.	It is not certain that the flibbertigibbet will be capable of gronking.	non-entailment	nonsense	Hyp-DA	epistemic
347	If the whirligig is a dingdong, then it is necessarily the case that it will be equipped with a doohickey. It is not the case that the whirligig is a dingdong.	It is not necessarily the case that the whirligig will be equipped with a doohickey.	non-entailment	nonsense	Hyp-DA	epistemic
348	If the kerfuffle is successful, then it is known that a shenanigan will ensue. It is not the case that the kerfuffle is successful.	It is not known that a shenanigan will ensue.	non-entailment	nonsense	Hyp-DA	epistemic
349	If the whatchamacallit is a geegaw, then it is established that it will contain a thingy. It is not the case that the whatchamacallit is a geegaw.	It is not established that the whatchamacallit will contain a thingy.	non-entailment	nonsense	Hyp-DA	epistemic
350	If the frizzle is activated, then the frazzle must have been properly attached. You did not activate the frizzle.	It is not the case that the frazzle must have been properly attached.	non-entailment	nonsense	Hyp-DA	epistemic
351	If the whirlygig is a fleepglorp, then it is certain that it will exhibit jiggly behavior. It is not the case that the whirlygig is a fleepglorp.	It is not certain that the whirlygig will exhibit jiggly behavior.	non-entailment	nonsense	Hyp-DA	epistemic
352	If the razzmatazz is a type of hocus pocus, then it is necessarily the case that it will involve a hullabaloo. It is not the case that the razzmatazz is a type of hocus pocus.	It is not necessarily the case that it will involve a hullabaloo.	non-entailment	nonsense	Hyp-DA	epistemic
353	If the knickknack is actually a squiggle, then it is known that it will be adorned with a trinket. It is not the case that the knickknack is actually a squiggle.	It is not known that it will be adorned with a trinket.	non-entailment	nonsense	Hyp-DA	epistemic
354	If the doodad is classified as a jimjam, then it is established that it will contain at least one gizmo. It is not the case that the doodad is classified as a jimjam.	It is not established that it will contain at least one gizmo.	non-entailment	nonsense	Hyp-DA	epistemic
355	If the thingamabob is successfully activated, then the whatchamacallit must have been securely connected. You did not successfully activate the thingamabob.	It is not the case that the whatchamacallit must have been securely connected.	non-entailment	nonsense	Hyp-DA	epistemic
356	If the geegaw is truly a wibblewobble, then it is certain that it will also be a whizzbang. It is not the case that the geegaw is truly a wibblewobble.	It is not certain that it will also be a whizzbang.	non-entailment	nonsense	Hyp-DA	epistemic
357	If the shenanigan is a crucial component of the kerfuffle, then it is necessarily the case that it will involve a hullabaloo. It is not the case that the shenanigan is a crucial component of the kerfuffle.	It is not necessarily the case that it will involve a hullabaloo.	non-entailment	nonsense	Hyp-DA	epistemic
358	If the whatchamacallit is actually a dingdong, then it is known that it will be equipped with a thingamajig. It is not the case that the whatchamacallit is actually a dingdong.	It is not known that it will be equipped with a thingamajig.	non-entailment	nonsense	Hyp-DA	epistemic
359	If the thingamajig is classified as a geegaw, then it is established that it will contain a whatsit. It is not the case that the thingamajig is classified as a geegaw.	It is not established that it will contain a whatsit.	non-entailment	nonsense	Hyp-DA	epistemic
360	If the flibbertigibbet is classified as a doohickey, then it is established that it will contain a wotsit. It is not the case that the flibbertigibbet is classified as a doohickey.	It is not established that it will contain a wotsit.	non-entailment	nonsense	Hyp-DA	epistemic
361	All employees of this company are certain to attend the annual meeting. Sarah is certain to attend the annual meeting.	Sarah is an employee of this company.	non-entailment	congruent	Cat-AC	epistemic
362	All members of the basketball team must have been at the gym this morning. David must have been at the gym this morning.	David is a member of the basketball team.	non-entailment	congruent	Cat-AC	epistemic
363	All citizens of this country are known to have the right to vote. Maria is known to have the right to vote.	Maria is a citizen of this country.	non-entailment	congruent	Cat-AC	epistemic
364	It is established that all students in this class submit their assignments by Friday. It is established that Emily submits her assignments by Friday.	Emily is a student in this class.	non-entailment	congruent	Cat-AC	epistemic
365	All passengers on this flight must present their boarding passes. Mr. Brown must present his boarding pass.	Mr. Brown is a passenger on this flight.	non-entailment	congruent	Cat-AC	epistemic
366	All applicants for this scholarship are required to demonstrate financial need. John is required to demonstrate financial need.	John is an applicant for this scholarship.	non-entailment	congruent	Cat-AC	epistemic
367	All participants in the study necessarily agree to the terms and conditions. Lisa necessarily agrees to the terms and conditions.	Lisa is a participant in the study.	non-entailment	congruent	Cat-AC	epistemic
368	All residents of this building must have received the notice about the fire drill. The Smiths must have received the notice about the fire drill.	The Smiths are residents of this building.	non-entailment	congruent	Cat-AC	epistemic
369	All customers who purchase this product are known to be satisfied with its performance. Tom is known to be satisfied with the product's performance.	Tom is a customer who purchased this product.	non-entailment	congruent	Cat-AC	epistemic
370	It is established that all members of this club pay their annual dues. It is established that Jessica pays her annual dues.	Jessica is a member of this club.	non-entailment	congruent	Cat-AC	epistemic
371	All visitors to this museum must comply with the rules and regulations. My family must comply with the rules and regulations.	My family are visitors to this museum.	non-entailment	congruent	Cat-AC	epistemic
372	All those who attend the conference are certain to receive a certificate of participation. I am certain to receive a certificate of participation.	I am attending the conference.	non-entailment	congruent	Cat-AC	epistemic
373	All players on the winning team necessarily display exceptional teamwork. He necessarily displays exceptional teamwork.	He is a player on the winning team.	non-entailment	congruent	Cat-AC	epistemic
374	All individuals with this genetic condition are known to be susceptible to certain diseases. My grandmother is known to be susceptible to certain diseases.	My grandmother has this genetic condition.	non-entailment	congruent	Cat-AC	epistemic
375	It is established that all graduates of this program possess the required skills for the job. It is established that she possesses the required skills for the job.	She is a graduate of this program.	non-entailment	congruent	Cat-AC	epistemic
376	All candidates for this position must have a minimum of five years of experience. This applicant must have a minimum of five years of experience.	This applicant is a candidate for this position.	non-entailment	congruent	Cat-AC	epistemic
377	All those who complete the training program are certain to be eligible for a promotion. He is certain to be eligible for a promotion.	He completed the training program.	non-entailment	congruent	Cat-AC	epistemic
378	All children who participate in the contest necessarily demonstrate creativity and originality. My son necessarily demonstrates creativity and originality.	My son participates in the contest.	non-entailment	congruent	Cat-AC	epistemic
379	All subscribers to this service are known to have access to exclusive content. I am known to have access to exclusive content.	I am a subscriber to this service.	non-entailment	congruent	Cat-AC	epistemic
380	It is established that all members of this organization adhere to a strict code of conduct. It is established that he adheres to a strict code of conduct.	He is a member of this organization.	non-entailment	congruent	Cat-AC	epistemic
381	All birds must have been dinosaurs. Bats must have been dinosaurs.	Bats are birds.	non-entailment	incongruent	Cat-AC	epistemic
382	Healthy food is certain to be bland. Fast food is certain to be bland.	Fast food is healthy food.	non-entailment	incongruent	Cat-AC	epistemic
383	All mammals necessarily have fur. Whales necessarily have fur.	Whales are mammals.	non-entailment	incongruent	Cat-AC	epistemic
384	It is established that all fish have gills. Dolphins have gills.	Dolphins are fish.	non-entailment	incongruent	Cat-AC	epistemic
385	All sports must involve physical exertion. Chess must involve physical exertion.	Chess is a sport.	non-entailment	incongruent	Cat-AC	epistemic
386	Expensive items are certain to be durable. Disposable lighters are certain to be durable.	Disposable lighters are expensive items.	non-entailment	incongruent	Cat-AC	epistemic
387	All insects necessarily have six legs. Spiders necessarily have six legs.	Spiders are insects.	non-entailment	incongruent	Cat-AC	epistemic
388	It is established that all deserts are hot. The Arctic is hot.	The Arctic is a desert.	non-entailment	incongruent	Cat-AC	epistemic
389	All trees must have leaves. Cacti must have leaves.	Cacti are trees.	non-entailment	incongruent	Cat-AC	epistemic
390	Successful businesses are known to have a physical store. Online businesses are known to have a physical store.	Online businesses are successful businesses.	non-entailment	incongruent	Cat-AC	epistemic
391	All fruits must be sweet. Tomatoes must be sweet.	Tomatoes are fruits.	non-entailment	incongruent	Cat-AC	epistemic
392	Spicy food is certain to be red. Horseradish is certain to be red.	Horseradish is spicy food.	non-entailment	incongruent	Cat-AC	epistemic
393	All countries necessarily drive on the right side of the road.  The United Kingdom drives on the right side of the road.	The United Kingdom is a country.	non-entailment	incongruent	Cat-AC	epistemic
394	It is established that all mammals lay eggs. Echidnas lay eggs.	Echidnas are mammals.	non-entailment	incongruent	Cat-AC	epistemic
395	All deserts must be sandy. The Arctic must be sandy.	The Arctic is a desert.	non-entailment	incongruent	Cat-AC	epistemic
396	Rainy days are certain to be gloomy. Sunny days are certain to be gloomy.	Sunny days are rainy days.	non-entailment	incongruent	Cat-AC	epistemic
397	All countries necessarily have a president. The United Kingdom has a president.	The United Kingdom is a country.	non-entailment	incongruent	Cat-AC	epistemic
398	It is established that all birds can fly. Penguins can fly.	Penguins are birds.	non-entailment	incongruent	Cat-AC	epistemic
399	All vehicles must have four wheels. Motorcycles must have four wheels.	Motorcycles are vehicles.	non-entailment	incongruent	Cat-AC	epistemic
400	Classical music is known to be loud. Lullabies are known to be loud.	Lullabies are classical music.	non-entailment	incongruent	Cat-AC	epistemic
401	All Foobaz must have been Quux. Garply must have been Quux.	Garply is Foobaz.	non-entailment	nonsense	Cat-AC	epistemic
402	All Quux are certain to be Baz. Waldo is certain to be Baz.	Waldo is Quux.	non-entailment	nonsense	Cat-AC	epistemic
403	All Fred necessarily Corge. Plugh necessarily Corge.	Plugh is Fred.	non-entailment	nonsense	Cat-AC	epistemic
404	It is established that All Xyzzy Grault. It is established that Thud Grault.	Thud is Xyzzy.	non-entailment	nonsense	Cat-AC	epistemic
405	All Foo must Bar. Baz must Bar.	Baz is Foo.	non-entailment	nonsense	Cat-AC	epistemic
406	All Qux are known to be Quux. Corge is known to be Quux.	Corge is Qux.	non-entailment	nonsense	Cat-AC	epistemic
407	All Grault necessarily Waldo. Fred necessarily Waldo.	Fred is Grault.	non-entailment	nonsense	Cat-AC	epistemic
408	All Plugh must have been Thud. Xyzzy must have been Thud.	Xyzzy is Plugh.	non-entailment	nonsense	Cat-AC	epistemic
409	All Bar are certain to be Foo. Qux is certain to be Foo.	Qux is Bar.	non-entailment	nonsense	Cat-AC	epistemic
410	All Baz necessarily Corge. Grault necessarily Corge.	Grault is Baz.	non-entailment	nonsense	Cat-AC	epistemic
411	It is established that All Waldo Grault. It is established that Plugh Grault.	Plugh is Waldo.	non-entailment	nonsense	Cat-AC	epistemic
412	All Foo must Quux. Thud must Quux.	Thud is Foo.	non-entailment	nonsense	Cat-AC	epistemic
413	All Qux are known to be Baz. Xyzzy is known to be Baz.	Xyzzy is Qux.	non-entailment	nonsense	Cat-AC	epistemic
414	All Grault necessarily Fred. Waldo necessarily Fred.	Waldo is Grault.	non-entailment	nonsense	Cat-AC	epistemic
415	It is established that All Plugh Thud. It is established that Foo Thud.	Foo is Plugh.	non-entailment	nonsense	Cat-AC	epistemic
416	All Bar must Waldo. Baz must Waldo.	Baz is Bar.	non-entailment	nonsense	Cat-AC	epistemic
417	All Quux are certain to be Corge. Grault is certain to be Corge.	Grault is Quux.	non-entailment	nonsense	Cat-AC	epistemic
418	All Fred necessarily Plugh. Thud necessarily Plugh.	Thud is Fred.	non-entailment	nonsense	Cat-AC	epistemic
419	All Xyzzy are known to be Waldo. Foo is known to be Waldo.	Foo is Xyzzy.	non-entailment	nonsense	Cat-AC	epistemic
420	It is established that All Baz Corge. It is established that Qux Corge.	Qux is Baz.	non-entailment	nonsense	Cat-AC	epistemic
421	All participants in the study must have been informed of the risks. Jane is not a participant in the study.	It is not the case that Jane must have been informed of the risks.	non-entailment	congruent	Cat-DA	epistemic
422	All those who apply for the scholarship are certain to be interviewed. He did not apply for the scholarship.	He is not certain to be interviewed.	non-entailment	congruent	Cat-DA	epistemic
423	All residents of this building necessarily agree to the community guidelines. She is not a resident of this building.	She is not necessarily agree to the community guidelines.	non-entailment	congruent	Cat-DA	epistemic
424	All customers who purchase this product are known to receive a discount. I did not purchase this product.	I am not known to receive a discount.	non-entailment	congruent	Cat-DA	epistemic
425	It is established that all employees of this company undergo background checks. He is not an employee of this company.	It is not established that he undergo background checks.	non-entailment	congruent	Cat-DA	epistemic
426	All members of this club must attend the monthly meetings. She is not a member of this club.	It is not the case that she must attend the monthly meetings.	non-entailment	congruent	Cat-DA	epistemic
427	All students who enroll in this course are certain to improve their writing skills. He is not enrolled in this course.	He is not certain to improve his writing skills.	non-entailment	congruent	Cat-DA	epistemic
428	All visitors to this park necessarily comply with the park regulations. They are not visitors to this park.	They are not necessarily comply with the park regulations.	non-entailment	congruent	Cat-DA	epistemic
429	All applicants for this job are known to have a college degree. She is not an applicant for this job.	She is not known to have a college degree.	non-entailment	congruent	Cat-DA	epistemic
430	It is established that all citizens of this country have the right to freedom of speech. He is not a citizen of this country.	It is not established that he have the right to freedom of speech.	non-entailment	congruent	Cat-DA	epistemic
431	All those who complete the training program must receive a certificate. She did not complete the training program.	It is not the case that she must receive a certificate.	non-entailment	congruent	Cat-DA	epistemic
432	All players on the team are certain to receive a bonus. He is not a player on the team.	He is not certain to receive a bonus.	non-entailment	congruent	Cat-DA	epistemic
433	All members of the organization necessarily adhere to the code of conduct. She is not a member of the organization.	She is not necessarily adhere to the code of conduct.	non-entailment	congruent	Cat-DA	epistemic
434	All those who attend the conference are known to receive a free gift. He did not attend the conference.	He is not known to receive a free gift.	non-entailment	congruent	Cat-DA	epistemic
435	It is established that all students in this school wear uniforms. She is not a student in this school.	It is not established that she wear uniforms.	non-entailment	congruent	Cat-DA	epistemic
436	All participants in the experiment must sign a consent form. He is not a participant in the experiment.	It is not the case that he must sign a consent form.	non-entailment	congruent	Cat-DA	epistemic
437	All customers who pre-order the game are certain to receive early access. She did not pre-order the game.	She is not certain to receive early access.	non-entailment	congruent	Cat-DA	epistemic
438	All residents of this area necessarily pay property taxes. He is not a resident of this area.	He is not necessarily pay property taxes.	non-entailment	congruent	Cat-DA	epistemic
439	All employees who meet the criteria are known to be eligible for a raise. She does not meet the criteria.	She is not known to be eligible for a raise.	non-entailment	congruent	Cat-DA	epistemic
440	It is established that all members of the committee have voting rights. He is not a member of the committee.	It is not established that he have voting rights.	non-entailment	congruent	Cat-DA	epistemic
441	All birds necessarily fly. Penguins are not birds.	Penguins are not certain to fly.	non-entailment	incongruent	Cat-DA	epistemic
442	All fruits are certain to be sweet. Lemons are not fruits.	It is not the case that lemons must have been sweet.	non-entailment	incongruent	Cat-DA	epistemic
443	All mammals must have fur.  Dolphins are not mammals.	It is not established that dolphins have fur.	non-entailment	incongruent	Cat-DA	epistemic
444	All planets are known to be made of cheese. The Earth is not a planet.	The Earth is not known to be made of cheese.	non-entailment	incongruent	Cat-DA	epistemic
445	All fish must breathe underwater. Whales are not fish.	It is not the case that whales must breathe underwater.	non-entailment	incongruent	Cat-DA	epistemic
446	All trees are certain to have leaves. Cacti are not trees.	Cacti are not certain to have leaves.	non-entailment	incongruent	Cat-DA	epistemic
447	All flowers necessarily have petals. Sunflowers are not flowers.	Sunflowers do not necessarily have petals.	non-entailment	incongruent	Cat-DA	epistemic
448	All insects are known to have six legs. Spiders are not insects.	Spiders are not known to have six legs.	non-entailment	incongruent	Cat-DA	epistemic
449	All rivers must flow into the sea. The Nile River is not a river.	It is not the case that the Nile River must flow into the sea.	non-entailment	incongruent	Cat-DA	epistemic
450	All mountains are certain to be tall. Hills are not mountains.	Hills are not certain to be tall.	non-entailment	incongruent	Cat-DA	epistemic
451	All clouds necessarily have a white color. Storm clouds are not clouds.	It is not necessarily the case that storm clouds have a white color.	non-entailment	incongruent	Cat-DA	epistemic
452	All countries are known to be located on Earth. Atlantis is not a country.	Atlantis is not known to be located on Earth.	non-entailment	incongruent	Cat-DA	epistemic
453	All historical figures must have been born before the 20th century. Neil Armstrong is not a historical figure.	It is not the case that Neil Armstrong must have been born before the 20th century.	non-entailment	incongruent	Cat-DA	epistemic
454	All paintings are certain to be beautiful. Modern art is not painting.	Modern art is not certain to be beautiful.	non-entailment	incongruent	Cat-DA	epistemic
455	All books are known to be made of paper. Ebooks are not books.	Ebooks are not known to be made of paper.	non-entailment	incongruent	Cat-DA	epistemic
456	All musical instruments must be played with the hands. A trumpet is not a musical instrument.	It is not the case that a trumpet must be played with the hands.	non-entailment	incongruent	Cat-DA	epistemic
457	All sports necessarily involve a ball. Running is not a sport.	Running does not necessarily involve a ball.	non-entailment	incongruent	Cat-DA	epistemic
458	All vehicles are known to have wheels. Sleds are not vehicles.	Sleds are not known to have wheels.	non-entailment	incongruent	Cat-DA	epistemic
459	All buildings must have been designed by an architect. The Great Pyramid of Giza is not a building.	It is not the case that the Great Pyramid of Giza must have been designed by an architect.	non-entailment	incongruent	Cat-DA	epistemic
460	All planets must orbit a star. The Moon is not a planet.	It is not the case that the Moon must orbit a star.	non-entailment	incongruent	Cat-DA	epistemic
461	All Foo must have been Bar. Baz is not Foo.	It is not the case that Baz must have been Bar.	non-entailment	nonsense	Cat-DA	epistemic
462	All Quux are certain to be Baz. Waldo not Quux.	Waldo is not certain to be Baz.	non-entailment	nonsense	Cat-DA	epistemic
463	All Fred necessarily Corge. Plugh not Fred.	Plugh is not necessarily Corge.	non-entailment	nonsense	Cat-DA	epistemic
464	All Xyzzy are known to be Grault. Thud not Xyzzy.	Thud not known Grault.	non-entailment	nonsense	Cat-DA	epistemic
465	It is established that all Foo Bar. Qux not Foo.	It is not established that Qux Bar.	non-entailment	nonsense	Cat-DA	epistemic
466	All Qux must have been Quux. Corge not Qux.	It is not the case that Corge must have been Quux.	non-entailment	nonsense	Cat-DA	epistemic
467	All Grault are certain to be Waldo. Fred not Grault.	Fred is not certain to be Waldo.	non-entailment	nonsense	Cat-DA	epistemic
468	All Plugh necessarily Thud. Xyzzy not Plugh.	Xyzzy is not necessarily Thud.	non-entailment	nonsense	Cat-DA	epistemic
469	All Bar are known to be Foo. Qux not Bar.	Qux not known Foo.	non-entailment	nonsense	Cat-DA	epistemic
470	It is established that all Baz Corge. Grault not Baz.	It is not established that Grault Corge.	non-entailment	nonsense	Cat-DA	epistemic
471	All Waldo must have been Grault. Plugh not Waldo.	It is not the case that Plugh must have been Grault.	non-entailment	nonsense	Cat-DA	epistemic
472	All Foo are certain to be Quux. Thud not Foo.	Thud is not certain to be Quux.	non-entailment	nonsense	Cat-DA	epistemic
473	All Qux necessarily Baz. Xyzzy not Qux.	Xyzzy is not necessarily Baz.	non-entailment	nonsense	Cat-DA	epistemic
474	All Grault are known to be Fred. Waldo not Grault.	Waldo not known Fred.	non-entailment	nonsense	Cat-DA	epistemic
475	It is established that all Plugh Thud. Foo not Plugh.	It is not established that Foo Thud.	non-entailment	nonsense	Cat-DA	epistemic
476	All Bar must have been Waldo. Baz not Bar.	It is not the case that Baz must have been Waldo.	non-entailment	nonsense	Cat-DA	epistemic
477	All Quux are certain to be Corge. Grault not Quux.	Grault is not certain to be Corge.	non-entailment	nonsense	Cat-DA	epistemic
478	All Fred necessarily Plugh. Thud not Fred.	Thud is not necessarily Plugh.	non-entailment	nonsense	Cat-DA	epistemic
479	All Xyzzy are known to be Waldo. Foo not Xyzzy.	Foo not known Waldo.	non-entailment	nonsense	Cat-DA	epistemic
480	It is established that all Baz Corge. Qux not Baz.	It is not established that Qux Corge.	non-entailment	nonsense	Cat-DA	epistemic
